sot_result,Name,Age,Sex,livingInMuenster,howLong,visitMuenster,compSkills,digitalMaps,photoServices,sotTime,sotMeanError,test1_easy,test1_time
 0 156.545789476629 201.1521779441802,,,---,,,,,,,5,107.20212948918373,,
 0 38.31613589296768 38.31613589296768,,,---,,,,,,,3,122.12257607135489,,
 0 29.556409018785587 29.556409018785587,,,---,,,,,,,4,127.96239398747628,,
