ID,Name,Age,Sex,livingInMuenster,howLong,visitMuenster,compSkills,digitalMaps,photoServices,sotTime,sotMeanError,sot_result,test1_result,test1_time,test1_easy,test1_quickly,test1_difficult,test1_comfortable,test1_like,test1_dislike,test2_result,test2_time,test2_easy,test2_quickly,test2_difficult,test2_comfortable,test2_like,test2_dislike
56afa5cc7cf7aff0165e1dff,Zoe,27,female,yes,2,,2,2,2,17,95.16063880001808, 43.31531568312164 43.31531568312164 43.31531568312164 84.84817940504558 84.84817940504558 84.84817940504558 358.74676570199614 358.74676570199614 358.74676570199614 176.61695452746525 176.61695452746525 176.61695452746525,13.031130137483448,83,4,4,Test bla bla 1,4,Test bla bla 2,Test bla bla 3,24.909277154647587,76,,,tt 1,,tt 2,tt 3
56afb0e6f80e54a0282572ba,Katja,28,female,yes,5,,2,2,4,172,17.281557352510372, 142.44871787399245 251.2245376340022 69.78824470073374 153.50142890032075 310.19428707054675 198.17412006582055 318.5388975195556 216.8015423876297 310.3539232129581 44.29208090723057 22.360175540195883 132.99771339879473,14.772576856913199,149,1,1,rrr,1,rrr,rr,60.69518435928062,58,4,4,sss,4,ssss,ss ss
